State/UnionTerritory,2020-01-30,2020-01-31,2020-02-01,2020-02-02,2020-02-03,2020-02-04,2020-02-05,2020-02-06,2020-02-07,2020-02-08,2020-02-09,2020-02-10,2020-02-11,2020-02-12,2020-02-13,2020-02-14,2020-02-15,2020-02-16,2020-02-17,2020-02-18,2020-02-19,2020-02-20,2020-02-21,2020-02-22,2020-02-23,2020-02-24,2020-02-25,2020-02-26,2020-02-27,2020-02-28,2020-02-29,2020-03-01,2020-03-02,2020-03-03,2020-03-04,2020-03-05,2020-03-06,2020-03-07,2020-03-08,2020-03-09,2020-03-10,2020-03-11,2020-03-12,2020-03-13,2020-03-14,2020-03-15,2020-03-16,2020-03-17,2020-03-18,2020-03-19,2020-03-20,2020-03-21,2020-03-22,2020-03-23,2020-03-24,2020-03-25,2020-03-26,2020-03-27,2020-03-28,2020-03-29,2020-03-30,2020-03-31,2020-04-01,2020-04-02,2020-04-03,2020-04-04,2020-04-05,2020-04-06,2020-04-07,2020-04-08,2020-04-09,2020-04-10,2020-04-11,2020-04-12,2020-04-13,2020-04-14,2020-04-15,2020-04-16,2020-04-17,2020-04-18,2020-04-19,2020-04-20,2020-04-21,2020-04-22,2020-04-23,2020-04-24,2020-04-25,2020-04-26,2020-04-27,2020-04-28,2020-04-29,2020-04-30,2020-05-01,2020-05-02,2020-05-03,2020-05-04,2020-05-05,2020-05-06,2020-05-07,2020-05-08,2020-05-09,2020-05-10,2020-05-11,2020-05-12,2020-05-13,2020-05-14,2020-05-15,2020-05-16,2020-05-17,2020-05-18,2020-05-19,2020-05-20,2020-05-21,2020-05-22,2020-05-23,2020-05-24,2020-05-25,2020-05-26,2020-05-27,2020-05-28,2020-05-29,2020-05-30,2020-05-31,2020-06-01,2020-06-02,2020-06-03,2020-06-04,2020-06-05,2020-06-06,2020-06-07,2020-06-08,2020-06-09,2020-06-10,2020-06-11,2020-06-12,2020-06-13,2020-06-14,2020-06-15,2020-06-16,2020-06-17,2020-06-18,2020-06-19,2020-06-20,2020-06-21,2020-06-22,2020-06-23,2020-06-24,2020-06-25,2020-06-26,2020-06-27,2020-06-28,2020-06-29,2020-06-30,2020-07-01,2020-07-02,2020-07-03,2020-07-04,2020-07-05,2020-07-06,2020-07-07,2020-07-08,2020-07-09,2020-07-10,2020-07-11,2020-07-12,2020-07-13,2020-07-14,2020-07-15,2020-07-16,2020-07-17,2020-07-18,2020-07-19,2020-07-20,2020-07-21,2020-07-22,2020-07-23,2020-07-24,2020-07-25,2020-07-26,2020-07-27,2020-07-28,2020-07-29,2020-07-30,2020-07-31,2020-08-01,2020-08-02
Andaman and Nicobar Islands,,,,,,,,,,,,,,,,,,,,,,,,,,,,,,,,,,,,,,,,,,,,,,,,,,,,,,,,,1.0,1.0,6.0,9.0,9.0,10.0,10.0,10.0,10.0,10.0,10.0,10.0,10.0,10.0,11.0,11.0,11.0,11.0,11.0,11.0,11.0,11.0,11.0,12.0,14.0,15.0,16.0,17.0,18.0,22.0,27.0,33.0,33.0,33.0,33.0,33.0,33.0,33.0,33.0,33.0,33.0,33.0,33.0,33.0,33.0,33.0,33.0,33.0,33.0,33.0,33.0,33.0,33.0,33.0,33.0,33.0,33.0,33.0,33.0,33.0,33.0,33.0,33.0,33.0,33.0,33.0,33.0,33.0,33.0,33.0,33.0,33.0,33.0,33.0,33.0,33.0,33.0,34.0,38.0,38.0,38.0,38.0,41.0,44.0,44.0,44.0,45.0,47.0,48.0,48.0,50.0,56.0,59.0,72.0,72.0,76.0,90.0,97.0,100.0,109.0,116.0,119.0,125.0,141.0,147.0,149.0,151.0,156.0,163.0,163.0,166.0,166.0,176.0,180.0,194.0,198.0,203.0,207.0,212.0,221.0,240.0,259.0,290.0,324.0,338.0,363.0,428.0,471.0,548.0,636.0
Andhra Pradesh,,,,,,,,,,,,,,,,,,,,,,,,,,,,,,,,,,,,,,,,,,,1.0,1.0,1.0,1.0,1.0,1.0,1.0,2.0,3.0,3.0,5.0,7.0,8.0,9.0,11.0,12.0,14.0,19.0,23.0,40.0,83.0,86.0,132.0,161.0,190.0,226.0,266.0,305.0,348.0,363.0,381.0,381.0,432.0,473.0,503.0,534.0,572.0,603.0,603.0,722.0,757.0,813.0,895.0,955.0,1061.0,1097.0,1177.0,1259.0,1332.0,1403.0,1463.0,1463.0,1583.0,1650.0,1717.0,1717.0,1777.0,1847.0,1887.0,1930.0,1980.0,2018.0,2090.0,2137.0,2205.0,2307.0,2355.0,2407.0,2474.0,2532.0,2602.0,2647.0,2709.0,2757.0,2823.0,3110.0,3171.0,3171.0,3251.0,3436.0,3569.0,3679.0,3783.0,3898.0,4080.0,4223.0,4303.0,4510.0,4708.0,4851.0,5070.0,5269.0,5429.0,5680.0,5965.0,6163.0,6456.0,6841.0,7071.0,7518.0,7961.0,8452.0,8999.0,9372.0,10002.0,10331.0,10884.0,11489.0,12285.0,13241.0,13891.0,14595.0,15252.0,16097.0,16934.0,17699.0,18697.0,20019.0,21197.0,22259.0,23814.0,25422.0,27235.0,29168.0,31103.0,33019.0,35451.0,38044.0,40646.0,44609.0,49650.0,53724.0,58668.0,64713.0,72711.0,80858.0,88671.0,96298.0,102349.0,110297.0,120390.0,130557.0,140933.0,150209.0
Arunachal Pradesh,,,,,,,,,,,,,,,,,,,,,,,,,,,,,,,,,,,,,,,,,,,,,,,,,,,,,,,,,,,,,,,,,1.0,1.0,1.0,1.0,1.0,1.0,1.0,1.0,1.0,1.0,1.0,1.0,1.0,1.0,1.0,1.0,1.0,1.0,1.0,1.0,1.0,1.0,1.0,1.0,1.0,1.0,1.0,1.0,1.0,1.0,1.0,1.0,1.0,1.0,1.0,1.0,1.0,1.0,1.0,1.0,1.0,1.0,1.0,1.0,1.0,1.0,1.0,1.0,1.0,1.0,1.0,1.0,1.0,2.0,2.0,2.0,3.0,3.0,4.0,4.0,22.0,22.0,38.0,42.0,45.0,47.0,51.0,51.0,57.0,57.0,61.0,67.0,87.0,91.0,91.0,95.0,99.0,103.0,103.0,135.0,135.0,139.0,148.0,158.0,160.0,172.0,177.0,182.0,187.0,191.0,195.0,195.0,252.0,259.0,269.0,270.0,276.0,287.0,302.0,335.0,341.0,359.0,387.0,462.0,462.0,543.0,609.0,650.0,740.0,790.0,858.0,949.0,991.0,1056.0,1126.0,1158.0,1239.0,1330.0,1410.0,1484.0,1591.0,1673.0
Assam,,,,,,,,,,,,,,,,,,,,,,,,,,,,,,,,,,,,,,,,,,,,,,,,,,,,,,,,,,,,,,,1.0,5.0,16.0,24.0,26.0,26.0,26.0,27.0,28.0,29.0,29.0,29.0,31.0,31.0,33.0,33.0,35.0,35.0,35.0,35.0,35.0,35.0,35.0,36.0,36.0,36.0,36.0,38.0,38.0,42.0,42.0,43.0,43.0,43.0,43.0,43.0,45.0,54.0,59.0,63.0,63.0,65.0,65.0,80.0,87.0,90.0,92.0,101.0,107.0,142.0,170.0,203.0,259.0,329.0,378.0,526.0,616.0,781.0,856.0,1024.0,1185.0,1272.0,1390.0,1513.0,1672.0,1988.0,2153.0,2397.0,2565.0,2776.0,2937.0,3092.0,3319.0,3498.0,3718.0,4049.0,4158.0,4319.0,4605.0,4777.0,4904.0,4904.0,5388.0,5586.0,5831.0,6198.0,6321.0,6607.0,6816.0,7206.0,7752.0,8227.0,8582.0,9013.0,9673.0,10668.0,11388.0,12160.0,12522.0,13336.0,14032.0,14600.0,15536.0,16071.0,16806.0,17807.0,18666.0,19754.0,20646.0,22918.0,23999.0,25382.0,25382.0,26772.0,28791.0,29921.0,31086.0,32228.0,33576.0,34947.0,36295.0,38407.0,40269.0,41726.0
Bihar,,,,,,,,,,,,,,,,,,,,,,,,,,,,,,,,,,,,,,,,,,,,,,,,,,,,,2.0,2.0,3.0,4.0,6.0,6.0,9.0,11.0,15.0,15.0,23.0,24.0,29.0,30.0,30.0,32.0,32.0,38.0,39.0,60.0,60.0,64.0,64.0,66.0,70.0,74.0,83.0,85.0,86.0,96.0,114.0,126.0,148.0,176.0,228.0,251.0,277.0,346.0,383.0,403.0,426.0,471.0,482.0,517.0,529.0,536.0,542.0,550.0,571.0,591.0,696.0,747.0,831.0,940.0,994.0,1018.0,1179.0,1262.0,1391.0,1498.0,1674.0,1982.0,2177.0,2380.0,2587.0,2730.0,2983.0,3061.0,3296.0,3376.0,3636.0,3815.0,3926.0,4155.0,4390.0,4493.0,4596.0,4915.0,5088.0,5202.0,5459.0,5710.0,5983.0,6103.0,6290.0,6470.0,6650.0,6778.0,6942.0,7025.0,7181.0,7533.0,7612.0,7825.0,8153.0,8209.0,8473.0,8716.0,8931.0,9212.0,9640.0,10043.0,10249.0,10471.0,10954.0,11700.0,11876.0,12125.0,12570.0,13189.0,13944.0,14575.0,15373.0,16642.0,17959.0,19284.0,20612.0,21764.0,23589.0,25136.0,26569.0,27646.0,28952.0,30369.0,31980.0,33926.0,36604.0,39176.0,41244.0,43843.0,46080.0,48477.0,51233.0,54240.0
Cases being reassigned to states,,,,,,,,,,,,,,,,,,,,,,,,,,,,,,,,,,,,,,,,,,,,,,,,,,,,,,,,,,,,,,,,,,,,,,,,,,,,,,,,,,,,,,,,,,,,,,,,,,,,,,,,,,,,,,,,1096.0,1403.0,1620.0,1899.0,2338.0,2642.0,2970.0,4013.0,4332.0,4673.0,5043.0,5491.0,5630.0,6414.0,7123.0,7483.0,7610.0,8192.0,8605.0,9189.0,8803.0,9227.0,8931.0,8315.0,7984.0,7436.0,6972.0,7684.0,8273.0,8703.0,8927.0,9265.0,9127.0,7832.0,8015.0,8141.0,8493.0,8123.0,8023.0,7839.0,7285.0,7004.0,6915.0,6832.0,6031.0,4999.0,4629.0,4913.0,5034.0,5018.0,4385.0,4161.0,3416.0,3024.0,2358.0,2179.0,1524.0,1285.0,531.0,163.0,,,,,,,,,,,,,,,
Chandigarh,,,,,,,,,,,,,,,,,,,,,,,,,,,,,,,,,,,,,,,,,,,,,,,,,,1.0,1.0,1.0,5.0,6.0,7.0,7.0,7.0,7.0,8.0,8.0,8.0,13.0,16.0,16.0,18.0,18.0,18.0,18.0,18.0,18.0,18.0,18.0,18.0,19.0,21.0,21.0,21.0,21.0,21.0,21.0,23.0,26.0,26.0,27.0,27.0,27.0,28.0,30.0,30.0,40.0,56.0,56.0,56.0,88.0,94.0,94.0,102.0,111.0,120.0,135.0,150.0,169.0,169.0,174.0,187.0,187.0,191.0,191.0,191.0,191.0,196.0,200.0,202.0,217.0,218.0,225.0,238.0,238.0,266.0,279.0,288.0,289.0,289.0,293.0,294.0,301.0,301.0,301.0,304.0,309.0,314.0,317.0,323.0,327.0,332.0,334.0,345.0,352.0,354.0,358.0,368.0,374.0,381.0,404.0,406.0,411.0,418.0,420.0,423.0,425.0,428.0,429.0,435.0,440.0,446.0,450.0,457.0,460.0,466.0,489.0,494.0,513.0,523.0,539.0,555.0,559.0,588.0,600.0,625.0,651.0,660.0,700.0,717.0,737.0,751.0,793.0,800.0,823.0,852.0,887.0,910.0,934.0,978.0,1016.0,1051.0,1079.0
Chhattisgarh,,,,,,,,,,,,,,,,,,,,,,,,,,,,,,,,,,,,,,,,,,,,,,,,,,1.0,1.0,1.0,1.0,1.0,1.0,1.0,6.0,6.0,6.0,7.0,7.0,8.0,9.0,9.0,9.0,9.0,9.0,10.0,10.0,10.0,10.0,10.0,18.0,25.0,31.0,31.0,33.0,33.0,36.0,36.0,36.0,36.0,36.0,36.0,36.0,36.0,36.0,37.0,37.0,37.0,38.0,38.0,40.0,43.0,43.0,57.0,58.0,59.0,59.0,59.0,59.0,59.0,59.0,59.0,59.0,59.0,60.0,66.0,67.0,86.0,93.0,101.0,115.0,128.0,172.0,214.0,252.0,291.0,361.0,369.0,399.0,415.0,447.0,498.0,547.0,564.0,668.0,756.0,879.0,923.0,1073.0,1160.0,1240.0,1262.0,1398.0,1429.0,1512.0,1662.0,1756.0,1781.0,1864.0,1946.0,2028.0,2041.0,2275.0,2303.0,2362.0,2419.0,2452.0,2545.0,2545.0,2662.0,2761.0,2860.0,2940.0,3013.0,3065.0,3161.0,3207.0,3305.0,3415.0,3525.0,3675.0,3767.0,3897.0,4059.0,4217.0,4379.0,4539.0,4732.0,4964.0,5233.0,5407.0,5561.0,5729.0,5968.0,6254.0,6731.0,7087.0,7450.0,7745.0,8257.0,8539.0,8761.0,9086.0,9385.0
Dadar Nagar Haveli,,,,,,,,,,,,,,,,,,,,,,,,,,,,,,,,,,,,,,,,,,,,,,,,,,,,,,,,,,,,,,,,,,,,,,,,,,,,,,,,,,,,,,,,,,,,,,,,,,1.0,1.0,1.0,1.0,1.0,1.0,1.0,1.0,1.0,1.0,1.0,1.0,1.0,1.0,1.0,1.0,1.0,1.0,2.0,2.0,2.0,2.0,2.0,2.0,2.0,2.0,2.0,3.0,4.0,8.0,12.0,14.0,19.0,20.0,22.0,22.0,26.0,,,,,,,,,,,,,,,,,,,,,,,,,,,,,,,,,,,,,,,,,,,,,,,,,,,,
Dadra and Nagar Haveli and Daman and Diu,,,,,,,,,,,,,,,,,,,,,,,,,,,,,,,,,,,,,,,,,,,,,,,,,,,,,,,,,,,,,,,,,,,,,,,,,,,,,,,,,,,,,,,,,,,,,,,,,,,,,,,,,,,,,,,,,,,,,,,,,,,,,,,,,,,,,,,30.0,30.0,35.0,36.0,36.0,45.0,57.0,58.0,62.0,68.0,88.0,91.0,120.0,120.0,155.0,163.0,177.0,178.0,203.0,213.0,215.0,230.0,257.0,271.0,271.0,297.0,405.0,408.0,411.0,459.0,471.0,479.0,495.0,520.0,539.0,552.0,585.0,602.0,605.0,684.0,705.0,733.0,770.0,815.0,860.0,914.0,946.0,982.0,1026.0,1064.0,1100.0,1145.0
Daman & Diu,,,,,,,,,,,,,,,,,,,,,,,,,,,,,,,,,,,,,,,,,,,,,,,,,,,,,,,,,,,,,,,,,,,,,,,,,,,,,,,,,,,,,,,,,,,,,,,,,,,,,,,,,,,,,,,,,,,,,,,,,,,,,,,,,,,,,,2.0,,,,,,,,,,,,,,,,,,,,,,,,,,,,,,,,,,,,,,,,,,,,,,,,,,,,
Delhi,,,,,,,,,,,,,,,,,,,,,,,,,,,,,,,,,1.0,1.0,1.0,2.0,3.0,3.0,3.0,4.0,4.0,5.0,6.0,6.0,7.0,7.0,7.0,8.0,10.0,12.0,17.0,26.0,29.0,29.0,30.0,31.0,36.0,36.0,39.0,49.0,87.0,97.0,152.0,219.0,219.0,445.0,503.0,523.0,576.0,576.0,669.0,898.0,903.0,1069.0,1154.0,1510.0,1561.0,1578.0,1640.0,1707.0,1893.0,2003.0,2081.0,2156.0,2248.0,2376.0,2514.0,2625.0,2918.0,3108.0,3314.0,3439.0,3515.0,3738.0,4122.0,4549.0,4898.0,5104.0,5532.0,5980.0,6318.0,6542.0,6923.0,7233.0,7639.0,7998.0,8470.0,8895.0,9333.0,10054.0,10054.0,10554.0,11088.0,11659.0,12319.0,12910.0,13418.0,14053.0,14465.0,15257.0,16281.0,17386.0,18549.0,19844.0,20834.0,22132.0,23645.0,25004.0,26334.0,27654.0,27654.0,29943.0,31309.0,32810.0,34687.0,36824.0,38958.0,41182.0,42829.0,44688.0,47102.0,49979.0,53116.0,56746.0,59746.0,62655.0,66602.0,70390.0,73780.0,77240.0,80188.0,83077.0,85161.0,87360.0,89802.0,92175.0,94695.0,97200.0,99444.0,100823.0,102831.0,104864.0,107051.0,109140.0,110921.0,112494.0,113740.0,115346.0,116993.0,118645.0,120107.0,121582.0,122793.0,123747.0,125096.0,126323.0,127364.0,128389.0,129531.0,130606.0,131219.0,132275.0,133310.0,134403.0,135598.0,136716.0
Goa,,,,,,,,,,,,,,,,,,,,,,,,,,,,,,,,,,,,,,,,,,,,,,,,,,,,,,,,,3.0,3.0,3.0,5.0,5.0,5.0,5.0,5.0,6.0,7.0,7.0,7.0,7.0,7.0,7.0,7.0,7.0,7.0,7.0,7.0,7.0,7.0,7.0,7.0,7.0,7.0,7.0,7.0,7.0,7.0,7.0,7.0,7.0,7.0,7.0,7.0,7.0,7.0,7.0,7.0,7.0,7.0,7.0,7.0,7.0,7.0,7.0,7.0,7.0,7.0,14.0,15.0,17.0,29.0,38.0,46.0,50.0,52.0,54.0,55.0,66.0,67.0,67.0,68.0,69.0,69.0,70.0,70.0,71.0,79.0,79.0,166.0,196.0,267.0,300.0,330.0,359.0,387.0,417.0,463.0,523.0,564.0,592.0,629.0,656.0,705.0,725.0,754.0,754.0,864.0,909.0,951.0,995.0,1039.0,1128.0,1198.0,1198.0,1315.0,1387.0,1482.0,1482.0,1684.0,1761.0,1813.0,1903.0,2039.0,2151.0,2251.0,2368.0,2453.0,2583.0,2753.0,2951.0,3108.0,3304.0,3484.0,3657.0,3853.0,4027.0,4176.0,4350.0,4540.0,4686.0,4861.0,5119.0,5287.0,5489.0,5704.0,5913.0,6193.0
Gujarat,,,,,,,,,,,,,,,,,,,,,,,,,,,,,,,,,,,,,,,,,,,,,,,,,,,5.0,7.0,18.0,29.0,33.0,38.0,43.0,43.0,45.0,58.0,69.0,73.0,82.0,87.0,95.0,105.0,122.0,144.0,165.0,165.0,179.0,241.0,308.0,432.0,539.0,617.0,695.0,871.0,1021.0,1272.0,1604.0,1851.0,2066.0,2272.0,2407.0,2624.0,2815.0,3071.0,3301.0,3548.0,3774.0,4082.0,4395.0,4721.0,5055.0,5428.0,5804.0,6245.0,6625.0,7012.0,7402.0,7796.0,8194.0,8541.0,8903.0,9267.0,9591.0,9931.0,10988.0,11379.0,11745.0,12140.0,12537.0,12905.0,13268.0,13664.0,14056.0,14460.0,14821.0,15195.0,15562.0,15934.0,16343.0,16779.0,17200.0,17617.0,18100.0,18584.0,19094.0,19592.0,20070.0,20545.0,21014.0,21521.0,22032.0,22527.0,23038.0,23544.0,24055.0,24577.0,25093.0,25601.0,26141.0,26680.0,27260.0,27825.0,28371.0,28943.0,29520.0,30095.0,30709.0,31320.0,31938.0,32557.0,33232.0,33913.0,34600.0,35312.0,36037.0,36772.0,37550.0,38333.0,39194.0,40069.0,40941.0,41820.0,42722.0,43637.0,44552.0,45481.0,46430.0,47390.0,48355.0,49353.0,50379.0,51399.0,52477.0,53545.0,54626.0,55822.0,56874.0,57982.0,59126.0,60285.0,61438.0,62463.0
Haryana,,,,,,,,,,,,,,,,,,,,,,,,,,,,,,,,,,,2.0,2.0,2.0,2.0,2.0,2.0,2.0,14.0,14.0,14.0,14.0,14.0,14.0,15.0,17.0,17.0,17.0,17.0,21.0,26.0,28.0,28.0,30.0,30.0,33.0,33.0,36.0,40.0,43.0,43.0,49.0,49.0,59.0,84.0,90.0,147.0,169.0,169.0,177.0,185.0,185.0,199.0,199.0,205.0,205.0,225.0,233.0,233.0,254.0,254.0,262.0,272.0,272.0,289.0,289.0,296.0,310.0,310.0,313.0,360.0,394.0,442.0,517.0,548.0,594.0,625.0,647.0,675.0,703.0,730.0,780.0,793.0,818.0,818.0,887.0,910.0,928.0,964.0,993.0,1031.0,1067.0,1131.0,1184.0,1184.0,1305.0,1381.0,1504.0,1721.0,1923.0,2091.0,2356.0,2652.0,2954.0,3281.0,3597.0,3952.0,4448.0,4854.0,5209.0,5579.0,5968.0,6334.0,6749.0,7208.0,7722.0,8272.0,8832.0,9218.0,9743.0,10223.0,10635.0,11025.0,11520.0,12010.0,12463.0,12884.0,13427.0,13829.0,14210.0,14548.0,14941.0,15509.0,16003.0,16548.0,17005.0,17504.0,17999.0,18690.0,19369.0,19934.0,20582.0,21240.0,21894.0,22628.0,23306.0,24002.0,24797.0,25547.0,26164.0,26858.0,27462.0,28186.0,28975.0,29755.0,30538.0,31332.0,32127.0,32876.0,33631.0,34254.0,34965.0,35758.0
Himachal Pradesh,,,,,,,,,,,,,,,,,,,,,,,,,,,,,,,,,,,,,,,,,,,,,,,,,,,,2.0,2.0,2.0,3.0,3.0,3.0,3.0,3.0,3.0,3.0,3.0,3.0,3.0,6.0,6.0,6.0,13.0,13.0,18.0,18.0,28.0,28.0,32.0,32.0,32.0,33.0,35.0,35.0,38.0,39.0,39.0,39.0,39.0,40.0,40.0,40.0,40.0,40.0,40.0,40.0,40.0,40.0,40.0,40.0,40.0,41.0,42.0,45.0,46.0,50.0,50.0,55.0,59.0,65.0,66.0,74.0,76.0,78.0,80.0,90.0,92.0,110.0,152.0,168.0,185.0,203.0,223.0,247.0,273.0,276.0,295.0,313.0,331.0,340.0,345.0,359.0,383.0,393.0,400.0,413.0,421.0,445.0,451.0,470.0,486.0,502.0,518.0,556.0,560.0,569.0,595.0,619.0,656.0,673.0,727.0,775.0,806.0,839.0,864.0,894.0,916.0,942.0,953.0,979.0,1014.0,1033.0,1046.0,1063.0,1077.0,1083.0,1101.0,1140.0,1171.0,1182.0,1213.0,1243.0,1309.0,1341.0,1377.0,1417.0,1457.0,1483.0,1631.0,1664.0,1725.0,1834.0,1954.0,2049.0,2176.0,2270.0,2330.0,2403.0,2506.0,2564.0,2634.0
Jammu and Kashmir,,,,,,,,,,,,,,,,,,,,,,,,,,,,,,,,,,,,,,,,1.0,1.0,1.0,1.0,1.0,2.0,2.0,3.0,3.0,3.0,4.0,4.0,4.0,4.0,4.0,4.0,7.0,13.0,13.0,20.0,31.0,48.0,54.0,62.0,62.0,75.0,75.0,106.0,109.0,116.0,116.0,158.0,184.0,207.0,224.0,245.0,270.0,278.0,300.0,314.0,328.0,341.0,350.0,368.0,380.0,407.0,427.0,454.0,494.0,523.0,546.0,565.0,581.0,614.0,639.0,666.0,701.0,726.0,741.0,775.0,793.0,823.0,836.0,861.0,879.0,934.0,971.0,983.0,1013.0,1121.0,1183.0,1289.0,1317.0,1390.0,1449.0,1489.0,1569.0,1621.0,1668.0,1759.0,1921.0,2036.0,2164.0,2341.0,2446.0,2601.0,2718.0,2857.0,3142.0,3324.0,3467.0,4087.0,4285.0,4346.0,4507.0,4574.0,4730.0,4878.0,5041.0,5220.0,5298.0,5406.0,5555.0,5680.0,5834.0,5956.0,6088.0,6236.0,6422.0,6549.0,6762.0,6966.0,7093.0,7237.0,7497.0,7695.0,7849.0,8019.0,8246.0,8429.0,8675.0,8931.0,9261.0,9501.0,9888.0,10156.0,10513.0,10827.0,11173.0,11666.0,12156.0,12757.0,13198.0,13899.0,14650.0,15258.0,15711.0,16429.0,16782.0,17305.0,17920.0,18390.0,18879.0,19419.0,19869.0,20359.0,20972.0
Jharkhand,,,,,,,,,,,,,,,,,,,,,,,,,,,,,,,,,,,,,,,,,,,,,,,,,,,,,,,,,,,,,,,1.0,1.0,2.0,2.0,3.0,4.0,4.0,4.0,13.0,13.0,17.0,17.0,19.0,24.0,27.0,28.0,29.0,33.0,35.0,42.0,46.0,45.0,49.0,55.0,59.0,67.0,82.0,103.0,105.0,107.0,111.0,111.0,115.0,115.0,115.0,125.0,127.0,132.0,132.0,156.0,157.0,160.0,172.0,173.0,197.0,203.0,217.0,223.0,223.0,231.0,231.0,290.0,308.0,350.0,370.0,377.0,426.0,448.0,469.0,511.0,563.0,610.0,659.0,712.0,752.0,793.0,881.0,1000.0,1099.0,1256.0,1411.0,1489.0,1599.0,1617.0,1711.0,1745.0,1763.0,1839.0,1895.0,1920.0,1965.0,1965.0,2073.0,2137.0,2185.0,2207.0,2262.0,2290.0,2339.0,2364.0,2426.0,2490.0,2521.0,2584.0,2695.0,2739.0,2781.0,2847.0,2996.0,3096.0,3246.0,3419.0,3613.0,3756.0,3898.0,4091.0,4320.0,4624.0,4921.0,5342.0,5535.0,5756.0,6159.0,6485.0,6975.0,7493.0,7836.0,8275.0,8683.0,9078.0,9861.0,10167.0,10958.0,11686.0
Karnataka,,,,,,,,,,,,,,,,,,,,,,,,,,,,,,,,,,,,,,,,1.0,4.0,4.0,4.0,6.0,6.0,6.0,6.0,11.0,11.0,14.0,15.0,15.0,26.0,33.0,37.0,41.0,55.0,55.0,55.0,76.0,83.0,83.0,101.0,110.0,124.0,128.0,144.0,151.0,175.0,175.0,181.0,197.0,214.0,226.0,247.0,258.0,277.0,315.0,353.0,371.0,384.0,395.0,415.0,425.0,443.0,463.0,489.0,501.0,511.0,520.0,532.0,557.0,576.0,589.0,606.0,642.0,659.0,671.0,693.0,705.0,753.0,794.0,848.0,862.0,925.0,959.0,987.0,1056.0,1092.0,1147.0,1246.0,1397.0,1462.0,1605.0,1743.0,1959.0,2089.0,2182.0,2283.0,2418.0,2533.0,2781.0,2922.0,3221.0,3408.0,3796.0,4063.0,4320.0,4835.0,5213.0,5452.0,5760.0,5921.0,6041.0,6245.0,6516.0,6824.0,7000.0,7213.0,7530.0,7734.0,7944.0,8281.0,8697.0,9150.0,9399.0,9721.0,10118.0,10560.0,11005.0,11923.0,13190.0,14295.0,15242.0,16514.0,18016.0,19710.0,21549.0,23474.0,25317.0,26815.0,28877.0,31105.0,33418.0,36216.0,38843.0,41581.0,44077.0,47253.0,51422.0,55115.0,59652.0,63772.0,67420.0,71069.0,75833.0,80863.0,85870.0,90942.0,96141.0,101465.0,107001.0,112504.0,118632.0,124115.0,129287.0
Kerala,1.0,1.0,2.0,3.0,3.0,3.0,3.0,3.0,3.0,3.0,3.0,3.0,3.0,3.0,3.0,3.0,3.0,3.0,3.0,3.0,3.0,3.0,3.0,3.0,3.0,3.0,3.0,3.0,3.0,3.0,3.0,3.0,3.0,3.0,3.0,3.0,3.0,3.0,8.0,9.0,15.0,17.0,17.0,19.0,19.0,22.0,23.0,26.0,27.0,27.0,28.0,40.0,52.0,67.0,95.0,109.0,118.0,137.0,176.0,182.0,202.0,234.0,241.0,265.0,286.0,295.0,306.0,314.0,327.0,336.0,345.0,357.0,364.0,374.0,376.0,379.0,387.0,388.0,395.0,396.0,400.0,402.0,408.0,427.0,438.0,448.0,451.0,458.0,469.0,482.0,486.0,496.0,497.0,497.0,500.0,500.0,500.0,502.0,503.0,503.0,503.0,505.0,512.0,519.0,524.0,534.0,560.0,576.0,587.0,601.0,630.0,642.0,666.0,690.0,732.0,795.0,847.0,896.0,963.0,1004.0,1088.0,1150.0,1208.0,1269.0,1326.0,1412.0,1494.0,1588.0,1699.0,1807.0,1914.0,2005.0,2096.0,2161.0,2244.0,2322.0,2407.0,2461.0,2543.0,2622.0,2697.0,2794.0,2912.0,3039.0,3172.0,3310.0,3451.0,3603.0,3726.0,3876.0,4071.0,4189.0,4189.0,4442.0,4593.0,4753.0,4964.0,5204.0,5429.0,5622.0,5894.0,6195.0,6534.0,6950.0,7438.0,7873.0,8322.0,8930.0,9553.0,10275.0,11066.0,11659.0,12480.0,13274.0,13994.0,15032.0,16110.0,16995.0,18098.0,19025.0,19727.0,20894.0,21797.0,22303.0,23613.0,24742.0
Ladakh,,,,,,,,,,,,,,,,,,,,,,,,,,,,,,,,,,,,,,2.0,2.0,2.0,2.0,2.0,3.0,3.0,3.0,3.0,4.0,6.0,8.0,8.0,10.0,13.0,13.0,13.0,13.0,13.0,13.0,13.0,13.0,13.0,13.0,13.0,13.0,13.0,14.0,14.0,14.0,14.0,14.0,14.0,14.0,15.0,15.0,15.0,15.0,15.0,17.0,17.0,18.0,18.0,18.0,18.0,18.0,18.0,18.0,18.0,20.0,20.0,20.0,22.0,22.0,22.0,22.0,22.0,40.0,41.0,41.0,41.0,41.0,42.0,42.0,42.0,42.0,42.0,42.0,43.0,43.0,43.0,43.0,43.0,43.0,43.0,44.0,44.0,44.0,49.0,52.0,52.0,53.0,53.0,73.0,74.0,74.0,74.0,77.0,81.0,90.0,90.0,97.0,99.0,103.0,103.0,108.0,115.0,135.0,239.0,437.0,549.0,555.0,649.0,687.0,687.0,744.0,836.0,837.0,847.0,932.0,941.0,941.0,946.0,960.0,963.0,964.0,973.0,990.0,990.0,1001.0,1005.0,1005.0,1005.0,1041.0,1041.0,1055.0,1064.0,1077.0,1086.0,1093.0,1093.0,1142.0,1147.0,1151.0,1159.0,1178.0,1195.0,1198.0,1206.0,1210.0,1246.0,1276.0,1285.0,1306.0,1327.0,1347.0,1378.0,1404.0,1462.0
Madhya Pradesh,,,,,,,,,,,,,,,,,,,,,,,,,,,,,,,,,,,,,,,,,,,,,,,,,,,,4.0,4.0,6.0,7.0,14.0,20.0,20.0,30.0,30.0,47.0,47.0,66.0,99.0,104.0,104.0,165.0,165.0,229.0,229.0,259.0,259.0,443.0,564.0,604.0,730.0,987.0,1120.0,1308.0,1355.0,1407.0,1485.0,1540.0,1592.0,1695.0,1852.0,1952.0,2096.0,2168.0,2368.0,2561.0,2660.0,2719.0,2719.0,2846.0,2942.0,3049.0,3049.0,3138.0,3252.0,3341.0,3614.0,3614.0,3785.0,3986.0,4173.0,4426.0,4595.0,4789.0,4977.0,5236.0,5465.0,5735.0,5981.0,6170.0,6371.0,6665.0,6859.0,7024.0,7261.0,7453.0,7645.0,7891.0,8089.0,8283.0,8420.0,8588.0,8762.0,8996.0,9228.0,9401.0,9638.0,9849.0,10049.0,10241.0,10443.0,10641.0,10802.0,10935.0,11083.0,11244.0,11426.0,11582.0,11724.0,11903.0,12078.0,12261.0,12448.0,12596.0,12798.0,12965.0,13186.0,13370.0,13593.0,13861.0,14106.0,14297.0,14604.0,14930.0,15284.0,15627.0,16036.0,16341.0,16657.0,17201.0,17632.0,18207.0,19005.0,19643.0,20378.0,21081.0,21763.0,22600.0,23310.0,24095.0,24842.0,25474.0,26210.0,26926.0,27800.0,28589.0,29217.0,30134.0,30968.0,31806.0,32614.0
Maharashtra,,,,,,,,,,,,,,,,,,,,,,,,,,,,,,,,,,,,,,,,2.0,5.0,2.0,11.0,14.0,14.0,32.0,32.0,39.0,42.0,47.0,52.0,63.0,67.0,74.0,89.0,128.0,124.0,130.0,180.0,186.0,198.0,216.0,302.0,335.0,335.0,490.0,490.0,748.0,868.0,1018.0,1135.0,1364.0,1574.0,1761.0,1985.0,2337.0,2687.0,2919.0,3205.0,3323.0,3651.0,4203.0,4669.0,5221.0,5652.0,6430.0,6817.0,7628.0,8068.0,8590.0,9318.0,9915.0,10498.0,11506.0,12296.0,12974.0,14541.0,15525.0,16758.0,17974.0,19063.0,20228.0,22171.0,23401.0,24427.0,25922.0,27524.0,29100.0,30706.0,33053.0,35058.0,37136.0,39297.0,41642.0,44582.0,47190.0,50231.0,52667.0,54758.0,56948.0,59546.0,62228.0,65168.0,67655.0,70013.0,72300.0,74860.0,77793.0,80229.0,82968.0,85975.0,88528.0,90787.0,94041.0,97648.0,101141.0,104568.0,107958.0,110744.0,113445.0,116752.0,120504.0,124331.0,128205.0,132075.0,135796.0,139010.0,142900.0,147741.0,152765.0,159133.0,164626.0,169883.0,174761.0,180298.0,186626.0,192990.0,200064.0,206619.0,211987.0,217121.0,223724.0,230599.0,238461.0,246600.0,254427.0,260924.0,267665.0,275640.0,284281.0,292589.0,300937.0,310455.0,318695.0,327031.0,337607.0,347502.0,357117.0,366368.0,375799.0,383723.0,391440.0,400651.0,411798.0,422118.0,431719.0
Manipur,,,,,,,,,,,,,,,,,,,,,,,,,,,,,,,,,,,,,,,,,,,,,,,,,,,,,,,1.0,1.0,1.0,1.0,1.0,1.0,1.0,1.0,1.0,1.0,2.0,2.0,2.0,2.0,2.0,2.0,2.0,2.0,2.0,2.0,2.0,2.0,2.0,2.0,2.0,2.0,2.0,2.0,2.0,2.0,2.0,2.0,2.0,2.0,2.0,2.0,2.0,2.0,2.0,2.0,2.0,2.0,2.0,2.0,2.0,2.0,2.0,2.0,2.0,2.0,2.0,2.0,3.0,3.0,7.0,7.0,7.0,9.0,25.0,25.0,26.0,29.0,32.0,39.0,39.0,44.0,55.0,59.0,62.0,71.0,83.0,89.0,118.0,124.0,132.0,157.0,172.0,272.0,304.0,311.0,366.0,385.0,449.0,458.0,490.0,500.0,552.0,606.0,681.0,777.0,841.0,898.0,921.0,970.0,1056.0,1075.0,1092.0,1185.0,1227.0,1234.0,1260.0,1279.0,1316.0,1325.0,1366.0,1390.0,1430.0,1435.0,1450.0,1582.0,1593.0,1609.0,1626.0,1672.0,1700.0,1764.0,1800.0,1891.0,1911.0,1925.0,2015.0,2060.0,2115.0,2146.0,2176.0,2235.0,2286.0,2317.0,2458.0,2505.0,2621.0,2756.0
Meghalaya,,,,,,,,,,,,,,,,,,,,,,,,,,,,,,,,,,,,,,,,,,,,,,,,,,,,,,,,,,,,,,,,,,,,,,,,,,,,1.0,7.0,7.0,9.0,11.0,11.0,11.0,11.0,12.0,12.0,12.0,12.0,12.0,12.0,12.0,12.0,12.0,12.0,12.0,12.0,12.0,12.0,12.0,12.0,12.0,12.0,13.0,13.0,13.0,13.0,13.0,13.0,13.0,13.0,13.0,13.0,13.0,14.0,14.0,14.0,14.0,14.0,14.0,15.0,20.0,21.0,27.0,27.0,27.0,27.0,27.0,33.0,33.0,33.0,33.0,36.0,36.0,43.0,44.0,44.0,44.0,44.0,44.0,44.0,44.0,44.0,44.0,44.0,44.0,44.0,44.0,46.0,46.0,46.0,47.0,47.0,47.0,47.0,52.0,52.0,56.0,62.0,62.0,62.0,80.0,80.0,80.0,113.0,207.0,207.0,306.0,318.0,318.0,346.0,377.0,403.0,418.0,450.0,466.0,490.0,514.0,534.0,588.0,646.0,702.0,738.0,779.0,784.0,803.0,823.0,856.0
Mizoram,,,,,,,,,,,,,,,,,,,,,,,,,,,,,,,,,,,,,,,,,,,,,,,,,,,,,,,,1.0,1.0,1.0,1.0,1.0,1.0,1.0,1.0,1.0,1.0,1.0,1.0,1.0,1.0,1.0,1.0,1.0,1.0,1.0,1.0,1.0,1.0,1.0,1.0,1.0,1.0,1.0,1.0,1.0,1.0,1.0,1.0,1.0,1.0,1.0,1.0,1.0,1.0,1.0,1.0,1.0,1.0,1.0,1.0,1.0,1.0,1.0,1.0,1.0,1.0,1.0,1.0,1.0,1.0,1.0,1.0,1.0,1.0,1.0,1.0,1.0,1.0,1.0,1.0,1.0,1.0,1.0,1.0,1.0,1.0,13.0,14.0,17.0,22.0,24.0,34.0,42.0,88.0,93.0,102.0,104.0,107.0,112.0,117.0,121.0,121.0,130.0,130.0,140.0,141.0,141.0,142.0,142.0,145.0,145.0,148.0,148.0,148.0,160.0,160.0,162.0,162.0,164.0,186.0,197.0,197.0,197.0,197.0,226.0,227.0,231.0,233.0,238.0,238.0,272.0,282.0,284.0,284.0,297.0,317.0,317.0,332.0,361.0,361.0,361.0,384.0,384.0,398.0,408.0,412.0,468.0
Nagaland,,,,,,,,,,,,,,,,,,,,,,,,,,,,,,,,,,,,,,,,,,,,,,,,,,,,,,,,,,,,,,,,,,,,,,,,,,,1.0,1.0,0.0,0.0,0.0,0.0,0.0,0.0,0.0,,,,,,,,,,,,,,,,,,,,,,,,,,,,,,,,,,,3.0,4.0,4.0,18.0,25.0,36.0,43.0,43.0,49.0,58.0,80.0,94.0,107.0,118.0,123.0,127.0,128.0,128.0,156.0,163.0,168.0,177.0,179.0,193.0,193.0,198.0,201.0,211.0,280.0,330.0,347.0,355.0,371.0,387.0,415.0,434.0,459.0,459.0,501.0,539.0,563.0,590.0,625.0,625.0,657.0,673.0,732.0,748.0,774.0,845.0,896.0,902.0,916.0,956.0,978.0,988.0,1021.0,1030.0,1084.0,1174.0,1239.0,1289.0,1339.0,1385.0,1460.0,1513.0,1566.0,1693.0,1831.0
Odisha,,,,,,,,,,,,,,,,,,,,,,,,,,,,,,,,,,,,,,,,,,,,,,,1.0,1.0,1.0,1.0,2.0,2.0,2.0,2.0,2.0,2.0,2.0,2.0,3.0,3.0,3.0,3.0,4.0,4.0,5.0,5.0,20.0,21.0,42.0,42.0,42.0,44.0,48.0,54.0,54.0,55.0,60.0,60.0,60.0,60.0,61.0,68.0,74.0,82.0,83.0,90.0,94.0,103.0,108.0,118.0,119.0,128.0,143.0,149.0,160.0,163.0,170.0,175.0,185.0,219.0,271.0,294.0,377.0,414.0,437.0,538.0,611.0,672.0,737.0,828.0,876.0,978.0,1052.0,1103.0,1189.0,1269.0,1336.0,1438.0,1517.0,1593.0,1660.0,1723.0,1819.0,1948.0,2104.0,2245.0,2388.0,2478.0,2608.0,2781.0,2856.0,2994.0,3140.0,3250.0,3386.0,3498.0,3723.0,3909.0,4055.0,4163.0,4338.0,4512.0,4677.0,4856.0,5160.0,5303.0,5470.0,5752.0,5962.0,6180.0,6350.0,6614.0,6859.0,7065.0,7316.0,7545.0,8106.0,8601.0,9070.0,9526.0,10097.0,10624.0,11201.0,11956.0,12526.0,13121.0,13737.0,14280.0,14898.0,15392.0,16110.0,16701.0,17437.0,18110.0,18757.0,19835.0,21099.0,22693.0,24013.0,25389.0,26892.0,28107.0,29175.0,30378.0,31877.0,33479.0
Puducherry,,,,,,,,,,,,,,,,,,,,,,,,,,,,,,,,,,,,,,,,,,,,,,,,,1.0,1.0,1.0,1.0,1.0,1.0,1.0,1.0,1.0,1.0,1.0,1.0,1.0,1.0,3.0,3.0,5.0,5.0,5.0,5.0,5.0,5.0,5.0,5.0,7.0,7.0,7.0,7.0,7.0,7.0,7.0,7.0,7.0,7.0,7.0,7.0,7.0,7.0,7.0,7.0,8.0,8.0,8.0,8.0,8.0,8.0,8.0,8.0,9.0,9.0,9.0,9.0,9.0,9.0,9.0,12.0,13.0,13.0,13.0,13.0,13.0,13.0,18.0,18.0,18.0,20.0,26.0,26.0,41.0,41.0,46.0,46.0,51.0,51.0,51.0,70.0,74.0,82.0,82.0,82.0,99.0,99.0,99.0,127.0,127.0,127.0,157.0,157.0,176.0,194.0,202.0,216.0,245.0,271.0,286.0,286.0,366.0,383.0,402.0,461.0,502.0,502.0,619.0,619.0,619.0,714.0,714.0,802.0,802.0,802.0,802.0,802.0,930.0,1008.0,1151.0,1272.0,1337.0,1418.0,1468.0,1531.0,1596.0,1743.0,1832.0,1894.0,1999.0,2092.0,2179.0,2300.0,2420.0,2515.0,2654.0,2786.0,2872.0,3011.0,3177.0,3298.0,3472.0,3606.0
Punjab,,,,,,,,,,,,,,,,,,,,,,,,,,,,,,,,,,,,,,,,1.0,1.0,1.0,1.0,1.0,1.0,1.0,1.0,1.0,1.0,2.0,2.0,13.0,21.0,21.0,29.0,29.0,33.0,33.0,38.0,38.0,38.0,41.0,42.0,46.0,48.0,57.0,57.0,76.0,91.0,91.0,101.0,132.0,132.0,151.0,167.0,176.0,186.0,186.0,186.0,202.0,219.0,219.0,245.0,251.0,277.0,277.0,298.0,298.0,313.0,313.0,322.0,357.0,357.0,480.0,772.0,1102.0,1233.0,1451.0,1516.0,1644.0,1731.0,1762.0,1823.0,1877.0,1914.0,1924.0,1935.0,1935.0,1946.0,1964.0,1980.0,2002.0,2005.0,2028.0,2029.0,2045.0,2060.0,2060.0,2106.0,2139.0,2158.0,2197.0,2233.0,2263.0,2301.0,2342.0,2376.0,2415.0,2461.0,2515.0,2608.0,2663.0,2719.0,2805.0,2887.0,2986.0,3063.0,3140.0,3267.0,3371.0,3497.0,3615.0,3832.0,3952.0,4074.0,4235.0,4397.0,4627.0,4769.0,4957.0,5056.0,5216.0,5418.0,5568.0,5668.0,5784.0,5937.0,6109.0,6283.0,6491.0,6749.0,6907.0,7140.0,7357.0,7587.0,7821.0,8178.0,8511.0,8799.0,9094.0,9442.0,9792.0,10100.0,10510.0,10889.0,11301.0,11739.0,12216.0,12684.0,13218.0,13769.0,14378.0,14946.0,15456.0,16119.0,17063.0
Rajasthan,,,,,,,,,,,,,,,,,,,,,,,,,,,,,,,,,,1.0,15.0,15.0,15.0,15.0,15.0,15.0,15.0,3.0,3.0,3.0,3.0,4.0,4.0,4.0,4.0,7.0,17.0,17.0,24.0,28.0,32.0,36.0,41.0,41.0,54.0,55.0,59.0,74.0,93.0,108.0,167.0,200.0,200.0,274.0,288.0,328.0,383.0,463.0,553.0,700.0,812.0,879.0,1005.0,1023.0,1131.0,1229.0,1351.0,1478.0,1576.0,1801.0,1890.0,1964.0,2034.0,2083.0,2185.0,2262.0,2364.0,2438.0,2584.0,2666.0,2772.0,2886.0,3061.0,3158.0,3317.0,3427.0,3579.0,3708.0,3814.0,3988.0,4126.0,4328.0,4534.0,4727.0,4960.0,5202.0,5507.0,5845.0,6015.0,6227.0,6494.0,6742.0,7028.0,7300.0,7536.0,7703.0,8067.0,8365.0,8617.0,8831.0,8980.0,9373.0,9652.0,9862.0,10084.0,10331.0,10599.0,10763.0,11245.0,11600.0,11838.0,12068.0,12401.0,12694.0,12981.0,13216.0,13542.0,13857.0,14156.0,14536.0,14930.0,15232.0,15627.0,16009.0,16296.0,16660.0,16944.0,17271.0,17660.0,18014.0,18312.0,18662.0,19052.0,19532.0,20164.0,20688.0,21404.0,22063.0,22563.0,23174.0,23748.0,24392.0,24936.0,25571.0,26437.0,27174.0,27789.0,28500.0,29434.0,30390.0,31373.0,32334.0,33220.0,34178.0,35298.0,35909.0,36878.0,38514.0,38964.0,40145.0,41298.0,42646.0
Sikkim,,,,,,,,,,,,,,,,,,,,,,,,,,,,,,,,,,,,,,,,,,,,,,,,,,,,,,,,,,,,,,,,,,,,,,,,,,,,,,,,,,,,,,,,,,,,,,,,,,,,,,,,,,,,,,,,,,,,1.0,1.0,1.0,1.0,1.0,1.0,1.0,1.0,1.0,1.0,1.0,2.0,2.0,3.0,7.0,7.0,7.0,13.0,13.0,14.0,63.0,63.0,68.0,68.0,70.0,70.0,70.0,70.0,70.0,78.0,78.0,79.0,84.0,85.0,86.0,87.0,88.0,88.0,89.0,101.0,102.0,102.0,103.0,123.0,125.0,125.0,133.0,134.0,134.0,151.0,153.0,192.0,209.0,220.0,243.0,266.0,275.0,283.0,305.0,330.0,438.0,460.0,477.0,499.0,545.0,555.0,579.0,596.0,610.0,639.0,650.0
Tamil Nadu,,,,,,,,,,,,,,,,,,,,,,,,,,,,,,,,,,,,,,1.0,1.0,1.0,1.0,1.0,1.0,1.0,1.0,1.0,1.0,1.0,1.0,2.0,3.0,3.0,7.0,9.0,15.0,18.0,26.0,29.0,40.0,49.0,67.0,74.0,234.0,234.0,309.0,411.0,485.0,571.0,621.0,690.0,738.0,834.0,911.0,969.0,1075.0,1173.0,1204.0,1242.0,1267.0,1323.0,1372.0,1477.0,1520.0,1596.0,1629.0,1683.0,1755.0,1821.0,1885.0,1937.0,2058.0,2162.0,2323.0,2526.0,2757.0,3023.0,3550.0,4058.0,4829.0,5409.0,6009.0,6535.0,7204.0,8002.0,8718.0,9227.0,9674.0,10108.0,10585.0,11224.0,11760.0,12448.0,13191.0,13967.0,14753.0,15512.0,16277.0,17082.0,17728.0,18545.0,19372.0,20246.0,21184.0,22333.0,23495.0,24586.0,25872.0,27256.0,28694.0,30152.0,31667.0,33229.0,34914.0,36841.0,38716.0,40698.0,42687.0,44661.0,46504.0,48019.0,50193.0,52334.0,54449.0,56845.0,59377.0,62087.0,64603.0,67468.0,70977.0,74622.0,78335.0,82275.0,86224.0,90167.0,94049.0,98392.0,102721.0,107001.0,111151.0,114978.0,118594.0,122350.0,126581.0,130261.0,134226.0,138470.0,142798.0,147324.0,151820.0,156369.0,160907.0,165714.0,170693.0,175678.0,180643.0,186492.0,192964.0,199749.0,206737.0,213723.0,220716.0,227688.0,234114.0,239978.0,245859.0,251738.0
Telangana,,,,,,,,,,,,,,,,,,,,,,,,,,,,,,,,,,,,,,,,,,,,,,,,,,,,,,,,,,,,,,,,,,,,,,,,,,,,,,,,,,,,,,,,,,,,,,,,,,,,,,,,,,,,,,,,,,,,,,,,,,,,,,,,,,,,,,,4320.0,4484.0,4737.0,4974.0,5193.0,5406.0,5675.0,6027.0,6526.0,7072.0,7802.0,8674.0,9553.0,10444.0,11364.0,12349.0,13436.0,14419.0,15394.0,16339.0,17357.0,18570.0,20462.0,22312.0,23902.0,25733.0,27612.0,29536.0,30946.0,32224.0,33402.0,34671.0,36221.0,37745.0,39342.0,41018.0,42496.0,43780.0,45076.0,46274.0,47705.0,49259.0,50826.0,52466.0,,54059.0,,,,,,
Telangana***,,,,,,,,,,,,,,,,,,,,,,,,,,,,,,,,,,,,,,,,,,,,,,,,,,,,,,,,,,,,,,,,,,,,,,,,,,,,,,,,,,,,,,,,,,,,,,,,,,,,,,,,,,,,,,,,,,,,,,,,,,,,,,,,,,,,,,,,,,,,,,,,,,,,,,,,,,,,,,,,,,,,,,,,,,,,,,,,,,,52466.0,,,,,,,
Telengana,,,,,,,,,,,,,,,,,,,,,,,,,,,,,,,,,1.0,1.0,1.0,1.0,1.0,1.0,1.0,1.0,1.0,1.0,1.0,1.0,1.0,3.0,3.0,5.0,6.0,6.0,17.0,21.0,22.0,32.0,35.0,35.0,44.0,45.0,56.0,66.0,71.0,79.0,96.0,107.0,158.0,159.0,269.0,321.0,364.0,427.0,442.0,473.0,504.0,504.0,562.0,624.0,647.0,698.0,743.0,791.0,844.0,873.0,919.0,945.0,960.0,984.0,984.0,991.0,1002.0,1004.0,1012.0,1012.0,1039.0,1039.0,1063.0,1082.0,1085.0,1096.0,1107.0,1123.0,1133.0,1163.0,1196.0,1275.0,1326.0,1367.0,1414.0,1454.0,1509.0,1551.0,1597.0,1634.0,1661.0,1699.0,1761.0,1813.0,1854.0,1920.0,1991.0,2098.0,2256.0,2425.0,2499.0,2698.0,2792.0,2891.0,3020.0,3147.0,3290.0,3496.0,3580.0,3650.0,3920.0,4111.0,,,,,,,,,,,,,,,,,,,,,,,,,,,,,,,,,,,,,,,,,,,,,,,57142.0,,58906.0,60717.0,62703.0,64786.0
Telengana***,,,,,,,,,,,,,,,,,,,,,,,,,,,,,,,,,,,,,,,,,,,,,,,,,,,,,,,,,,,,,,,,,,,,,,,,,,,,,,,,,,,,,,,,,,,,,,,,,,,,,,,,,,,,,,,,,,,,,,,,,,,,,,,,,,,,,,,,,,,,,,,,,,,,,,,,,,,,,,,,,,,,,,,,,,,,,,,,,,,,,,57142.0,,,,
Tripura,,,,,,,,,,,,,,,,,,,,,,,,,,,,,,,,,,,,,,,,,,,,,,,,,,,,,,,,,,,,,,,,,,,,,1.0,1.0,1.0,1.0,2.0,2.0,2.0,2.0,2.0,2.0,2.0,2.0,2.0,2.0,2.0,2.0,2.0,2.0,2.0,2.0,2.0,2.0,2.0,2.0,2.0,2.0,4.0,16.0,29.0,43.0,43.0,65.0,118.0,134.0,150.0,152.0,154.0,155.0,156.0,156.0,167.0,167.0,167.0,173.0,173.0,173.0,175.0,189.0,191.0,194.0,207.0,230.0,242.0,251.0,268.0,313.0,420.0,468.0,468.0,644.0,692.0,747.0,800.0,838.0,864.0,895.0,913.0,961.0,1046.0,1076.0,1086.0,1092.0,1135.0,1155.0,1178.0,1186.0,1221.0,1237.0,1259.0,1259.0,1290.0,1325.0,1334.0,1346.0,1380.0,1388.0,1396.0,1435.0,1525.0,1546.0,1568.0,1680.0,1704.0,1761.0,1776.0,1918.0,1949.0,2054.0,2080.0,2170.0,2268.0,2283.0,2366.0,2654.0,2878.0,3079.0,3331.0,3449.0,3656.0,3759.0,3862.0,3900.0,4049.0,4269.0,4485.0,4706.0,4978.0,5233.0
Unassigned,,,,,,,,,,,,,,,,,,,,,,,,,,,,,,,,,,,,,,,,,,,,,,,,,,,,,,,,,,,,,46.0,38.0,,,77.0,,,,,,,,,,,,,,,,,,,,,,,,,,,,,,,,,,,,,,,,,,,,,,,,,,,,,,,,,,,,,,,,,,,,,,,,,,,,,,,,,,,,,,,,,,,,,,,,,,,,,,,,,,,,,,,,,,,,,,,,,
Uttar Pradesh,,,,,,,,,,,,,,,,,,,,,,,,,,,,,,,,,,,6.0,7.0,7.0,7.0,7.0,7.0,7.0,9.0,11.0,11.0,12.0,13.0,13.0,15.0,16.0,19.0,23.0,24.0,27.0,31.0,33.0,37.0,41.0,41.0,55.0,65.0,82.0,101.0,103.0,113.0,172.0,174.0,227.0,305.0,305.0,343.0,410.0,431.0,433.0,452.0,483.0,657.0,735.0,773.0,846.0,969.0,1084.0,1176.0,1294.0,1412.0,1509.0,1604.0,1778.0,1843.0,1955.0,2043.0,2115.0,2203.0,2281.0,2328.0,2626.0,2742.0,2859.0,2880.0,2998.0,3071.0,3214.0,3373.0,3467.0,3573.0,3664.0,3729.0,3902.0,4057.0,4258.0,4259.0,4605.0,4926.0,5175.0,5515.0,5735.0,6017.0,6268.0,6532.0,6548.0,6991.0,7170.0,7284.0,7445.0,7823.0,8075.0,8361.0,8729.0,9237.0,9733.0,9733.0,10536.0,10947.0,11335.0,11610.0,12088.0,12616.0,13118.0,13615.0,13615.0,14091.0,14598.0,15181.0,15785.0,16594.0,17731.0,18322.0,18893.0,19557.0,20193.0,20943.0,21549.0,22147.0,22828.0,23492.0,24056.0,24825.0,25797.0,26554.0,27707.0,28636.0,29968.0,31156.0,32362.0,33700.0,35092.0,36476.0,38130.0,39724.0,41383.0,43441.0,45163.0,47036.0,49247.0,51160.0,53288.0,55588.0,58104.0,60771.0,63742.0,66988.0,70493.0,73951.0,77334.0,81039.0,85461.0,89048.0
Uttarakhand,,,,,,,,,,,,,,,,,,,,,,,,,,,,,,,,,,,,,,,,,,,,,,1.0,1.0,1.0,1.0,1.0,3.0,3.0,3.0,3.0,4.0,4.0,5.0,5.0,5.0,7.0,7.0,7.0,7.0,7.0,10.0,16.0,22.0,26.0,31.0,31.0,35.0,35.0,35.0,35.0,35.0,35.0,37.0,37.0,37.0,42.0,42.0,44.0,46.0,46.0,46.0,47.0,48.0,50.0,51.0,51.0,54.0,55.0,57.0,58.0,59.0,60.0,60.0,61.0,61.0,61.0,63.0,67.0,68.0,68.0,69.0,72.0,78.0,82.0,88.0,92.0,93.0,111.0,122.0,146.0,153.0,244.0,317.0,349.0,401.0,469.0,500.0,716.0,749.0,907.0,958.0,1043.0,1085.0,1153.0,1215.0,1303.0,1355.0,1411.0,1537.0,1562.0,1643.0,1724.0,1785.0,1819.0,1845.0,1942.0,2023.0,2102.0,2177.0,2301.0,2344.0,2402.0,2535.0,2623.0,2691.0,2725.0,2791.0,2823.0,2831.0,2881.0,2947.0,2984.0,3048.0,3093.0,3124.0,3161.0,3230.0,3258.0,3305.0,3373.0,3417.0,3537.0,3608.0,3686.0,3785.0,3982.0,4102.0,4276.0,4515.0,4642.0,4849.0,5300.0,5445.0,5445.0,5961.0,6104.0,6328.0,6587.0,6866.0,7065.0,7183.0,7447.0
West Bengal,,,,,,,,,,,,,,,,,,,,,,,,,,,,,,,,,,,,,,,,,,,,,,,,,1.0,1.0,2.0,3.0,4.0,7.0,9.0,9.0,10.0,10.0,15.0,18.0,22.0,26.0,37.0,53.0,63.0,69.0,80.0,80.0,91.0,99.0,103.0,116.0,126.0,134.0,152.0,190.0,213.0,231.0,255.0,287.0,310.0,339.0,392.0,423.0,456.0,514.0,571.0,611.0,649.0,697.0,725.0,758.0,795.0,795.0,922.0,963.0,1259.0,1344.0,1456.0,1548.0,1678.0,1786.0,1939.0,2063.0,2173.0,2290.0,2377.0,2461.0,2576.0,2677.0,2825.0,2961.0,3103.0,3197.0,3332.0,3459.0,3667.0,3816.0,4009.0,4192.0,4536.0,4813.0,5130.0,5501.0,5772.0,6168.0,6508.0,6876.0,7303.0,7738.0,8187.0,8613.0,8985.0,9328.0,9768.0,10244.0,10698.0,11087.0,11494.0,11909.0,12300.0,12735.0,13090.0,13531.0,13945.0,14358.0,14728.0,15173.0,15648.0,16190.0,16711.0,17283.0,17907.0,18559.0,19170.0,19819.0,20488.0,21231.0,22126.0,22987.0,23837.0,24823.0,25911.0,27109.0,28453.0,30013.0,31448.0,32838.0,34427.0,36117.0,38011.0,40209.0,42487.0,44769.0,47030.0,49321.0,51757.0,53973.0,56377.0,58718.0,60830.0,62964.0,65258.0,67692.0,70188.0,72777.0
